,precision,recall,f1-score,support
Cloth Mask,0.5894736842105263,0.5283018867924528,0.5572139303482586,106.0
Mask_Worn_Incorrectly,0.5217391304347826,0.4485981308411215,0.4824120603015076,107.0
N95 Mask,0.7407407407407407,0.7692307692307693,0.7547169811320754,104.0
No face Mask,0.8333333333333334,0.851063829787234,0.8421052631578947,94.0
Surgical Mask,0.45689655172413796,0.5520833333333334,0.5,96.0
accuracy,0.6252465483234714,0.6252465483234714,0.6252465483234714,0.6252465483234714
macro avg,0.6284366880887042,0.6298555899969822,0.6272896469879472,507.0
weighted avg,0.6263170351454145,0.6252465483234714,0.6239274710922182,507.0
