,precision,recall,f1-score,support
Cloth Mask,0.49473684210526314,0.44339622641509435,0.4676616915422886,106.0
Mask_Worn_Incorrectly,0.4536082474226804,0.411214953271028,0.43137254901960786,107.0
N95 Mask,0.7788461538461539,0.7788461538461539,0.7788461538461539,104.0
No face Mask,0.7878787878787878,0.8297872340425532,0.8082901554404145,94.0
Surgical Mask,0.49107142857142855,0.5729166666666666,0.5288461538461539,96.0
accuracy,0.6015779092702169,0.6015779092702169,0.6015779092702169,0.6015779092702169
macro avg,0.6012282919648627,0.6072322468482991,0.6030033407389237,507.0
weighted avg,0.5979914219740591,0.6015779092702169,0.5985749653436102,507.0
